timestamp_ms,iso,currentTime_s,duration_s,paused,playbackRate,readyState,videoWidth,videoHeight,totalVideoFrames,droppedVideoFrames,buffered_start_s,buffered_end_s,buffered_seconds,debug_text
"1765426713257","2025-12-11T04:18:33.257Z","1.981025","3152.524375","false","1","4","480","270","53","0","0","34.986666","33.005641",
"1765426714260","2025-12-11T04:18:34.260Z","2.983414","3152.524375","false","1","4","480","270","77","0","0","34.986666","32.003252",
"1765426715258","2025-12-11T04:18:35.258Z","3.982228","3152.524375","false","1","4","480","270","101","0","0","34.986666","31.004438",
"1765426716258","2025-12-11T04:18:36.258Z","4.981433","3152.524375","false","1","4","480","270","125","0","0","40.447999","35.466566",
"1765426717259","2025-12-11T04:18:37.259Z","5.982471","3152.524375","false","1","4","480","270","149","0","0","40.447999","34.465528000000006",
"1765426718258","2025-12-11T04:18:38.258Z","6.982035","3152.524375","false","1","4","480","270","173","0","0","40.447999","33.465964",
"1765426719258","2025-12-11T04:18:39.258Z","7.9821","3152.524375","false","1","4","480","270","197","0","0","40.447999","32.465899",
"1765426720258","2025-12-11T04:18:40.258Z","8.981995","3152.524375","false","1","4","480","270","221","0","0","40.447999","31.466004000000005",
"1765426721258","2025-12-11T04:18:41.258Z","9.981983","3152.524375","false","1","4","480","270","245","0","0","45.909333","35.92735",
"1765426722258","2025-12-11T04:18:42.258Z","10.98219","3152.524375","false","1","4","480","270","269","0","0","45.909333","34.927143",
"1765426723258","2025-12-11T04:18:43.258Z","11.98186","3152.524375","false","1","4","480","270","293","0","0","45.909333","33.927473",
"1765426724259","2025-12-11T04:18:44.259Z","12.982784","3152.524375","false","1","4","480","270","317","0","1.001","45.909333","32.926548999999994",
"1765426725258","2025-12-11T04:18:45.258Z","13.982404","3152.524375","false","1","4","480","270","341","0","1.001","45.909333","31.926928999999994",
"1765426726259","2025-12-11T04:18:46.259Z","14.982556","3152.524375","false","1","4","480","270","365","0","1.001","45.909333","30.926776999999994",
"1765426727265","2025-12-11T04:18:47.265Z","15.989107","3152.524375","false","1","4","480","270","389","0","1.001","51.455999","35.466892",
"1765426728258","2025-12-11T04:18:48.258Z","16.982272","3152.524375","false","1","4","480","270","413","0","5.964291","51.455999","34.473727",
"1765426729258","2025-12-11T04:18:49.258Z","17.982062","3152.524375","false","1","4","480","270","437","0","5.964291","51.455999","33.473937",
"1765426730258","2025-12-11T04:18:50.258Z","18.982438","3152.524375","false","1","4","480","270","461","0","5.964291","51.455999","32.473561000000004",
"1765426731259","2025-12-11T04:18:51.259Z","19.982739","3152.524375","false","1","4","480","270","485","0","5.964291","51.455999","31.47326",
"1765426732261","2025-12-11T04:18:52.261Z","20.985116","3152.524375","false","1","4","480","270","509","0","5.964291","57.002666","36.01755",
"1765426733259","2025-12-11T04:18:53.259Z","21.982683","3152.524375","false","1","4","480","270","533","0","5.964291","57.002666","35.019982999999996",
"1765426734259","2025-12-11T04:18:54.259Z","22.982767","3152.524375","false","1","4","480","270","557","0","5.964291","57.002666","34.019898999999995",
"1765426735259","2025-12-11T04:18:55.259Z","23.982565","3152.524375","false","1","4","480","270","581","0","5.964291","57.002666","33.020101",
"1765426736258","2025-12-11T04:18:56.258Z","24.982083","3152.524375","false","1","4","480","270","605","0","5.964291","57.002666","32.020583",
"1765426737259","2025-12-11T04:18:57.259Z","25.982656","3152.524375","false","1","4","480","270","629","0","5.964291","57.002666","31.02001",
"1765426738259","2025-12-11T04:18:58.259Z","26.983103","3152.524375","false","1","4","480","270","652","0","5.964291","58.767041","31.783938",
"1765426739258","2025-12-11T04:18:59.258Z","27.981826","3152.524375","false","1","4","480","270","676","0","15.890875","58.767041","30.785214999999997",
"1765426740259","2025-12-11T04:19:00.259Z","28.982573","3152.524375","false","1","4","480","270","700","0","15.890875","63.487999","34.505426",
"1765426741259","2025-12-11T04:19:01.259Z","29.982726","3152.524375","false","1","4","480","270","724","0","15.890875","63.487999","33.505273",
"1765426742259","2025-12-11T04:19:02.259Z","30.982741","3152.524375","false","1","4","480","270","748","0","15.890875","63.487999","32.505258",
"1765426743258","2025-12-11T04:19:03.258Z","31.982436","3152.524375","false","1","4","480","270","772","0","15.890875","63.487999","31.505563000000002",
"1765426744259","2025-12-11T04:19:04.259Z","32.982817","3152.524375","false","1","4","480","270","796","0","15.890875","65.148416","32.165599",
"1765426745258","2025-12-11T04:19:05.258Z","33.982275","3152.524375","false","1","4","480","270","820","0","15.890875","65.148416","31.166140999999996",
"1765426746259","2025-12-11T04:19:06.259Z","34.982607","3152.524375","false","1","4","480","270","844","0","15.890875","68.735999","33.753392000000005",
"1765426747258","2025-12-11T04:19:07.258Z","35.981934","3152.524375","false","1","4","480","270","868","0","18.685333","68.735999","32.754065000000004",
"1765426748258","2025-12-11T04:19:08.258Z","36.982487","3152.524375","false","1","4","480","270","892","0","18.685333","68.735999","31.753512000000008",
"1765426749258","2025-12-11T04:19:09.258Z","37.982312","3152.524375","false","1","4","480","270","916","0","18.685333","68.735999","30.753687000000006",
"1765426750259","2025-12-11T04:19:10.259Z","38.982549","3152.524375","false","1","4","480","270","940","0","18.685333","71.196124","32.213575",
"1765426751258","2025-12-11T04:19:11.258Z","39.982521","3152.524375","false","1","4","480","270","964","0","18.685333","71.196124","31.213603",
"1765426752259","2025-12-11T04:19:12.259Z","40.983392","3152.524375","false","1","4","608","342","988","0","27.485791","73.301333","32.317941",
"1765426753258","2025-12-11T04:19:13.258Z","41.982312","3152.524375","false","1","4","608","342","1012","0","27.485791","73.301333","31.319021",
"1765426754259","2025-12-11T04:19:14.259Z","42.983262","3152.524375","false","1","4","608","342","1036","0","27.485791","76.618208","33.63494599999999",
"1765426755258","2025-12-11T04:19:15.258Z","43.98224","3152.524375","false","1","4","608","342","1060","0","27.485791","76.618208","32.635968",
"1765426756259","2025-12-11T04:19:16.259Z","44.982927","3152.524375","false","1","4","608","342","1084","0","27.485791","76.618208","31.635281",
"1765426757259","2025-12-11T04:19:17.259Z","45.982759","3152.524375","false","1","4","608","342","1108","0","27.485791","76.618208","30.635448999999994",
"1765426758259","2025-12-11T04:19:18.259Z","46.983359","3152.524375","false","1","4","608","342","1132","0","34.993291","77.695999","30.71264",
"1765426759258","2025-12-11T04:19:19.258Z","47.982315","3152.524375","false","1","4","608","342","1156","0","34.993291","79.662916","31.680600999999996",
"1765426760259","2025-12-11T04:19:20.259Z","48.982891","3152.524375","false","1","4","608","342","1180","0","34.993291","79.662916","30.680024999999993",
"1765426761259","2025-12-11T04:19:21.259Z","49.982802","3152.524375","false","1","4","608","342","1204","0","34.993291","83.285333","33.302530999999995",
"1765426762259","2025-12-11T04:19:22.259Z","50.983124","3152.524375","false","1","4","608","342","1228","0","34.993291","83.285333","32.302209",
"1765426763258","2025-12-11T04:19:23.258Z","51.982122","3152.524375","false","1","4","768","432","1252","0","40.457083","83.285333","31.303210999999997",
"1765426764258","2025-12-11T04:19:24.258Z","52.981966","3152.524375","false","1","4","768","432","1276","0","40.457083","84.709624","31.727658000000005",
"1765426765259","2025-12-11T04:19:25.259Z","53.983203","3152.524375","false","1","4","768","432","1300","0","40.457083","84.709624","30.726421000000002",
"1765426766258","2025-12-11T04:19:26.258Z","54.982582","3152.524375","false","1","4","768","432","1324","0","40.457083","86.044291","31.061709",
"1765426767259","2025-12-11T04:19:27.259Z","55.983085","3152.524375","false","1","4","768","432","1348","0","40.457083","87.722666","31.739581",
"1765426768258","2025-12-11T04:19:28.258Z","56.98246","3152.524375","false","1","4","960","540","1372","0","40.457083","87.722666","30.740206",
"1765426769258","2025-12-11T04:19:29.258Z","57.982663","3152.524375","false","1","4","960","540","1396","0","45.920875","90.423666","32.441002999999995",
"1765426770258","2025-12-11T04:19:30.258Z","58.98253","3152.524375","false","1","4","960","540","1420","0","45.920875","90.423666","31.441136",
"1765426771258","2025-12-11T04:19:31.258Z","59.98267","3152.524375","false","1","4","960","540","1443","0","45.920875","92.629333","32.646663000000004",
"1765426772260","2025-12-11T04:19:32.260Z","60.983704","3152.524375","false","1","4","960","540","1467","0","45.920875","92.629333","31.645629",
"1765426773258","2025-12-11T04:19:33.258Z","61.982459","3152.524375","false","1","4","960","540","1491","0","45.920875","95.804041","33.821582",
"1765426774259","2025-12-11T04:19:34.259Z","62.9831","3152.524375","false","1","4","960","540","1515","0","45.920875","95.804041","32.820941",
"1765426775259","2025-12-11T04:19:35.259Z","63.983595","3152.524375","false","1","4","1280","720","1539","0","51.468083","95.804041","31.820445999999997",
"1765426776259","2025-12-11T04:19:36.259Z","64.983077","3152.524375","false","1","4","1280","720","1563","0","51.468083","95.804041","30.820964000000004",
"1765426777259","2025-12-11T04:19:37.259Z","65.983494","3152.524375","false","1","4","1280","720","1587","0","51.468083","97.493333","31.509839000000014",
"1765426778259","2025-12-11T04:19:38.259Z","66.98274","3152.524375","false","1","4","1280","720","1611","0","51.468083","100.099999","33.11725899999999",
"1765426779259","2025-12-11T04:19:39.259Z","67.983158","3152.524375","false","1","4","1280","720","1635","0","51.468083","100.099999","32.116840999999994",
"1765426780258","2025-12-11T04:19:40.258Z","68.98233","3152.524375","false","1","4","1280","720","1659","0","58.767041","100.099999","31.117668999999992",
"1765426781259","2025-12-11T04:19:41.259Z","69.982819","3152.524375","false","1","4","1280","720","1683","0","58.767041","108.842666","38.85984699999999",
"1765426782259","2025-12-11T04:19:42.259Z","70.983617","3152.524375","false","1","4","1280","720","1707","0","58.767041","108.842666","37.859049",
"1765426783259","2025-12-11T04:19:43.259Z","71.983643","3152.524375","false","1","4","1280","720","1731","0","58.767041","108.842666","36.85902299999999",
"1765426784259","2025-12-11T04:19:44.259Z","72.98294","3152.524375","false","1","4","1280","720","1755","0","58.767041","108.842666","35.859725999999995",
"1765426785258","2025-12-11T04:19:45.258Z","73.982578","3152.524375","false","1","4","1280","720","1779","0","58.767041","108.842666","34.86008799999999",
"1765426786258","2025-12-11T04:19:46.258Z","74.982708","3152.524375","false","1","4","1280","720","1803","0","58.767041","108.842666","33.85995799999999",
"1765426787259","2025-12-11T04:19:47.259Z","75.983604","3152.524375","false","1","4","1280","720","1827","0","58.767041","108.842666","32.859061999999994",
"1765426788259","2025-12-11T04:19:48.259Z","76.983169","3152.524375","false","1","4","1280","720","1851","0","65.148416","108.842666","31.85949699999999",
"1765426789259","2025-12-11T04:19:49.259Z","77.982848","3152.524375","false","1","4","1280","720","1875","0","65.148416","108.842666","30.85981799999999",
"1765426790259","2025-12-11T04:19:50.259Z","78.983504","3152.524375","false","1","4","1280","720","1899","0","65.148416","117.546666","38.563162000000005",
"1765426791259","2025-12-11T04:19:51.259Z","79.983028","3152.524375","false","1","4","1280","720","1923","0","68.777041","117.546666","37.563638",
"1765426792259","2025-12-11T04:19:52.259Z","80.983391","3152.524375","false","1","4","1280","720","1947","0","68.777041","117.546666","36.563275000000004",
"1765426793258","2025-12-11T04:19:53.258Z","81.982655","3152.524375","false","1","4","1280","720","1971","0","68.777041","117.546666","35.56401100000001",
"1765426794259","2025-12-11T04:19:54.259Z","82.982864","3152.524375","false","1","4","1280","720","1995","0","68.777041","117.546666","34.563801999999995",
"1765426795258","2025-12-11T04:19:55.258Z","83.98237","3152.524375","false","1","4","1280","720","2019","0","73.32325","117.546666","33.564296",
"1765426796259","2025-12-11T04:19:56.259Z","84.98337","3152.524375","false","1","4","1280","720","2043","0","73.32325","117.546666","32.56329600000001",
"1765426797258","2025-12-11T04:19:57.258Z","85.982255","3152.524375","false","1","4","1280","720","2067","0","73.32325","117.546666","31.564411000000007",
"1765426798258","2025-12-11T04:19:58.258Z","86.982319","3152.524375","false","1","4","1280","720","2091","0","73.32325","117.546666","30.564346999999998",
"1765426799259","2025-12-11T04:19:59.259Z","87.983197","3152.524375","false","1","4","1280","720","2115","0","77.702625","120.370249","32.387052",
"1765426800258","2025-12-11T04:20:00.258Z","88.982504","3152.524375","false","1","4","1280","720","2139","0","77.702625","120.370249","31.387744999999995",
"1765426801258","2025-12-11T04:20:01.258Z","89.982849","3152.524375","false","1","4","1280","720","2163","0","77.702625","121.770666","31.787817000000004",
"1765426802259","2025-12-11T04:20:02.259Z","90.983571","3152.524375","false","1","4","1280","720","2187","0","79.662916","121.770666","30.787095000000008",
"1765426803259","2025-12-11T04:20:03.259Z","91.983297","3152.524375","false","1","4","1280","720","2211","0","79.662916","123.331541","31.348244000000008",
"1765426804259","2025-12-11T04:20:04.259Z","92.983525","3152.524375","false","1","4","1280","720","2234","0","79.662916","124.082291","31.098765999999998",
"1765426805260","2025-12-11T04:20:05.260Z","93.984196","3152.524375","false","1","4","1280","720","2258","0","79.662916","126.207999","32.223803000000004",
"1765426806258","2025-12-11T04:20:06.258Z","94.982821","3152.524375","false","1","4","1280","720","2282","0","79.662916","126.207999","31.225178",
"1765426807259","2025-12-11T04:20:07.259Z","95.983225","3152.524375","false","1","4","1280","720","2306","0","84.709625","127.669208","31.685982999999993",
"1765426808258","2025-12-11T04:20:08.258Z","96.982733","3152.524375","false","1","4","1280","720","2330","0","84.709625","127.669208","30.686475",
"1765426809258","2025-12-11T04:20:09.258Z","97.982603","3152.524375","false","1","4","1280","720","2354","0","86.044291","128.962166","30.979563",
"1765426810259","2025-12-11T04:20:10.259Z","98.983055","3152.524375","false","1","4","1280","720","2378","0","86.044291","129.879749","30.89669400000001",
"1765426811258","2025-12-11T04:20:11.258Z","99.982661","3152.524375","false","1","4","1280","720","2402","0","86.044291","131.925333","31.942672",
"1765426812258","2025-12-11T04:20:12.258Z","100.982807","3152.524375","false","1","4","1280","720","2426","0","87.754333","131.925333","30.942526",
"1765426813258","2025-12-11T04:20:13.258Z","101.982624","3152.524375","false","1","4","1280","720","2450","0","87.754333","133.383249","31.400625000000005",
"1765426814258","2025-12-11T04:20:14.258Z","102.982239","3152.524375","false","1","4","1280","720","2474","0","87.754333","134.092291","31.110051999999982",
"1765426815258","2025-12-11T04:20:15.258Z","103.982559","3152.524375","false","1","4","1280","720","2498","0","87.754333","134.801333","30.818774000000005",
"1765426816258","2025-12-11T04:20:16.258Z","104.982929","3152.524375","false","1","4","1280","720","2522","0","87.754333","136.191999","31.20907000000001",
"1765426817258","2025-12-11T04:20:17.258Z","105.982416","3152.524375","false","1","4","1280","720","2546","0","87.754333","137.679208","31.696791999999988",
"1765426818258","2025-12-11T04:20:18.258Z","106.982794","3152.524375","false","1","4","1280","720","2570","0","87.754333","139.472666","32.489872000000005",
"1765426819258","2025-12-11T04:20:19.258Z","107.982467","3152.524375","false","1","4","1280","720","2594","0","87.754333","139.472666","31.490199000000004",
"1765426820258","2025-12-11T04:20:20.258Z","108.982689","3152.524375","false","1","4","1280","720","2618","0","87.754333","140.501333","31.518643999999995",
"1765426821259","2025-12-11T04:20:21.259Z","109.983221","3152.524375","false","1","4","1280","720","2642","0","97.514083","141.057583","31.074361999999994",
"1765426822258","2025-12-11T04:20:22.258Z","110.982544","3152.524375","false","1","4","1280","720","2666","0","97.514083","141.933458","30.950913999999997",
"1765426823259","2025-12-11T04:20:23.259Z","111.98315","3152.524375","false","1","4","1280","720","2690","0","97.514083","142.851041","30.867891000000014",
"1765426824258","2025-12-11T04:20:24.258Z","112.982889","3152.524375","false","1","4","1280","720","2714","0","97.514083","144.682666","31.69977700000001",
"1765426825259","2025-12-11T04:20:25.259Z","113.983085","3152.524375","false","1","4","1280","720","2738","0","97.514083","144.682666","30.69958100000001",
"1765426826258","2025-12-11T04:20:26.258Z","114.982661","3152.524375","false","1","4","1280","720","2762","0","97.514083","146.479666","31.497005000000016",
"1765426827258","2025-12-11T04:20:27.258Z","115.982705","3152.524375","false","1","4","1280","720","2786","0","97.514083","146.479666","30.496961000000013",
"1765426828258","2025-12-11T04:20:28.258Z","116.982819","3152.524375","false","1","4","1280","720","2810","0","97.514083","147.647499","30.664680000000004",
"1765426829258","2025-12-11T04:20:29.258Z","117.982751","3152.524375","false","1","4","960","540","2834","0","100.1","149.418666","31.43591500000001",
"1765426830258","2025-12-11T04:20:30.258Z","118.982858","3152.524375","false","1","4","960","540","2858","0","100.1","150.859041","31.876182999999997",
"1765426831258","2025-12-11T04:20:31.258Z","119.982727","3152.524375","false","1","4","960","540","2882","0","100.1","150.859041","30.876313999999994",
"1765426832259","2025-12-11T04:20:32.259Z","120.983183","3152.524375","false","1","4","960","540","2906","0","108.85875","151.609791","30.626608000000004",
"1765426833258","2025-12-11T04:20:33.258Z","121.982623","3152.524375","false","1","4","960","540","2930","0","108.85875","153.727999","31.745376000000007",
"1765426834258","2025-12-11T04:20:34.258Z","122.98246","3152.524375","false","1","4","960","540","2954","0","108.85875","153.727999","30.745539000000008",
"1765426835259","2025-12-11T04:20:35.259Z","123.983433","3152.524375","false","1","4","960","540","2978","0","108.85875","155.530374","31.54694099999999",
"1765426836259","2025-12-11T04:20:36.259Z","124.983525","3152.524375","false","1","4","960","540","3002","0","108.85875","157.115291","32.13176600000001",
"1765426837258","2025-12-11T04:20:37.258Z","125.983068","3152.524375","false","1","4","960","540","3025","0","108.85875","157.115291","31.13222300000001",
"1765426838258","2025-12-11T04:20:38.258Z","126.982914","3152.524375","false","1","4","960","540","3049","0","108.85875","158.378666","31.395752000000016",
"1765426839259","2025-12-11T04:20:39.259Z","127.983333","3152.524375","false","1","4","960","540","3073","0","117.575791","160.076583","32.09325",
"1765426840259","2025-12-11T04:20:40.259Z","128.983551","3152.524375","false","1","4","960","540","3097","0","117.575791","160.076583","31.093031999999994",
"1765426841258","2025-12-11T04:20:41.258Z","129.982726","3152.524375","false","1","4","960","540","3121","0","117.575791","160.827333","30.844606999999996",
"1765426842258","2025-12-11T04:20:42.258Z","130.982837","3152.524375","false","1","4","960","540","3145","0","117.575791","162.245416","31.262579000000017",
"1765426843258","2025-12-11T04:20:43.258Z","131.982762","3152.524375","false","1","4","960","540","3169","0","121.770666","163.114666","31.13190399999999",
"1765426844258","2025-12-11T04:20:44.258Z","132.982881","3152.524375","false","1","4","1280","720","3193","0","121.788333","166.082583","33.09970200000001",
"1765426845259","2025-12-11T04:20:45.259Z","133.983155","3152.524375","false","1","4","1280","720","3217","0","123.331541","166.082583","32.09942799999999",
"1765426846258","2025-12-11T04:20:46.258Z","134.982904","3152.524375","false","1","4","1280","720","3241","0","124.082291","166.082583","31.09967900000001",
"1765426847259","2025-12-11T04:20:47.259Z","135.983491","3152.524375","false","1","4","1280","720","3265","0","124.082291","166.916749","30.933258000000023",
"1765426848259","2025-12-11T04:20:48.259Z","136.983341","3152.524375","false","1","4","1280","720","3289","0","126.209416","168.751916","31.768575",
"1765426849258","2025-12-11T04:20:49.258Z","137.982897","3152.524375","false","1","4","1280","720","3313","0","127.669208","170.545374","32.562477",
"1765426850258","2025-12-11T04:20:50.258Z","138.983039","3152.524375","false","1","4","1280","720","3337","0","127.669208","170.545374","31.56233500000002",
"1765426851259","2025-12-11T04:20:51.259Z","139.983587","3152.524375","false","1","4","1280","720","3361","0","128.962166","171.254416","31.270828999999992",
"1765426852259","2025-12-11T04:20:52.259Z","140.983357","3152.524375","false","1","4","1280","720","3385","0","129.87975","171.989333","31.005975999999976",
"1765426853259","2025-12-11T04:20:53.259Z","141.984192","3152.524375","false","1","4","1280","720","3409","0","129.87975","173.381541","31.39734899999999",
"1765426854258","2025-12-11T04:20:54.258Z","142.982878","3152.524375","false","1","4","1280","720","3433","0","129.87975","174.090583","31.10770500000001",
"1765426855259","2025-12-11T04:20:55.259Z","143.983232","3152.524375","false","1","4","1280","720","3457","0","133.38325","174.799624","30.816392000000008",
"1765426856258","2025-12-11T04:20:56.258Z","144.983148","3152.524375","false","1","4","1280","720","3481","0","134.801333","176.255999","31.272851000000003",
"1765426857258","2025-12-11T04:20:57.258Z","145.983098","3152.524375","false","1","4","1280","720","3505","0","134.801333","176.968458","30.985359999999986",
"1765426858259","2025-12-11T04:20:58.259Z","146.983296","3152.524375","false","1","4","1280","720","3529","0","136.219416","177.677499","30.694203000000016",
"1765426859259","2025-12-11T04:20:59.259Z","147.983655","3152.524375","false","1","4","1280","720","3553","0","137.679208","178.928749","30.94509400000001",
"1765426860258","2025-12-11T04:21:00.258Z","148.982975","3152.524375","false","1","4","1280","720","3577","0","137.679208","180.607999","31.625023999999996",
"1765426861259","2025-12-11T04:21:01.259Z","149.983367","3152.524375","false","1","4","1280","720","3601","0","137.679208","180.607999","30.62463200000002",
"1765426862259","2025-12-11T04:21:02.259Z","150.983848","3152.524375","false","1","4","1280","720","3625","0","137.679208","182.015166","31.031318",
"1765426863259","2025-12-11T04:21:03.259Z","151.983937","3152.524375","false","1","4","1280","720","3649","0","141.057583","182.765916","30.781979000000007",
"1765426864259","2025-12-11T04:21:04.259Z","152.983442","3152.524375","false","1","4","1280","720","3673","0","141.933458","184.017166","31.033724000000007",
"1765426865259","2025-12-11T04:21:05.259Z","153.983917","3152.524375","false","1","4","1280","720","3697","0","143.39325","184.789333","30.805416000000008",
"1765426866258","2025-12-11T04:21:06.258Z","154.983126","3152.524375","false","1","4","1280","720","3721","0","143.39325","193.450666","38.467540000000014",
"1765426867259","2025-12-11T04:21:07.259Z","155.984001","3152.524375","false","1","4","1280","720","3745","0","144.686208","193.450666","37.466665000000006",
"1765426868258","2025-12-11T04:21:08.258Z","156.983108","3152.524375","false","1","4","1280","720","3769","0","144.686208","193.450666","36.467558000000025",
"1765426869259","2025-12-11T04:21:09.259Z","157.983764","3152.524375","false","1","4","1280","720","3793","0","146.479666","193.450666","35.466902000000005",
"1765426870259","2025-12-11T04:21:10.259Z","158.983865","3152.524375","false","1","4","1280","720","3817","0","147.6475","193.450666","34.466801000000004",
"1765426871259","2025-12-11T04:21:11.259Z","159.98379","3152.524375","false","1","4","1280","720","3841","0","147.6475","193.450666","33.46687600000001",
"1765426872259","2025-12-11T04:21:12.259Z","160.983906","3152.524375","false","1","4","1280","720","3865","0","150.859041","193.450666","32.46676000000002",
"1765426873259","2025-12-11T04:21:13.259Z","161.98354","3152.524375","false","1","4","1280","720","3889","0","150.859041","193.450666","31.467126000000007",
"1765426874259","2025-12-11T04:21:14.259Z","162.98387","3152.524375","false","1","4","1280","720","3913","0","152.40225","202.154666","39.170795999999996",
"1765426875259","2025-12-11T04:21:15.259Z","163.983713","3152.524375","false","1","4","1280","720","3937","0","152.40225","202.154666","38.170953",
"1765426876258","2025-12-11T04:21:16.258Z","164.982822","3152.524375","false","1","4","1280","720","3961","0","152.40225","202.154666","37.17184399999999",
"1765426877259","2025-12-11T04:21:17.259Z","165.984004","3152.524375","false","1","4","1280","720","3985","0","152.40225","202.154666","36.17066199999999",
"1765426878259","2025-12-11T04:21:18.259Z","166.984202","3152.524375","false","1","4","1280","720","4009","0","155.530375","202.154666","35.17046399999998",
"1765426879259","2025-12-11T04:21:19.259Z","167.98407","3152.524375","false","1","4","1280","720","4033","0","157.115291","202.154666","34.17059599999999",
"1765426880259","2025-12-11T04:21:20.259Z","168.984097","3152.524375","false","1","4","1280","720","4057","0","158.40825","202.154666","33.170569",
"1765426881258","2025-12-11T04:21:21.258Z","169.983069","3152.524375","false","1","4","1280","720","4081","0","158.40825","202.154666","32.17159699999999",
"1765426882258","2025-12-11T04:21:22.258Z","170.983089","3152.524375","false","1","4","1280","720","4105","0","160.076583","202.154666","31.171576999999985",
"1765426883258","2025-12-11T04:21:23.258Z","171.983236","3152.524375","false","1","4","1280","720","4129","0","160.827333","203.786916","31.803679999999986",
"1765426884259","2025-12-11T04:21:24.259Z","172.983513","3152.524375","false","1","4","1280","720","4153","0","160.827333","203.786916","30.803403000000003",
"1765426885259","2025-12-11T04:21:25.259Z","173.983616","3152.524375","false","1","4","1280","720","4177","0","163.121291","206.039166","32.05554999999998",
"1765426886259","2025-12-11T04:21:26.259Z","174.983455","3152.524375","false","1","4","1280","720","4201","0","163.121291","206.039166","31.055711000000002",
"1765426887262","2025-12-11T04:21:27.262Z","175.987124","3152.524375","false","1","4","1280","720","4225","0","163.121291","208.725333","32.73820900000001",
"1765426888259","2025-12-11T04:21:28.259Z","176.983998","3152.524375","false","1","4","1280","720","4249","0","166.082583","208.725333","31.741334999999992",
"1765426889259","2025-12-11T04:21:29.259Z","177.98416","3152.524375","false","1","4","1280","720","4273","0","167.709208","212.128583","34.14442299999999",
"1765426890259","2025-12-11T04:21:30.259Z","178.984211","3152.524375","false","1","4","1280","720","4297","0","168.751916","212.128583","33.144372000000004",
"1765426891259","2025-12-11T04:21:31.259Z","179.984118","3152.524375","false","1","4","1280","720","4321","0","168.751916","212.128583","32.144465",
"1765426892258","2025-12-11T04:21:32.258Z","180.983296","3152.524375","false","1","4","1280","720","4345","0","170.545375","212.128583","31.145286999999996",
"1765426893258","2025-12-11T04:21:33.258Z","181.98322","3152.524375","false","1","4","1280","720","4369","0","170.545375","213.802666","31.819446",
"1765426894258","2025-12-11T04:21:34.258Z","182.983349","3152.524375","false","1","4","1280","720","4393","0","172.005166","213.802666","30.819316999999984",
"1765426895259","2025-12-11T04:21:35.259Z","183.983495","3152.524375","false","1","4","1280","720","4417","0","173.381541","215.131583","31.148088",
"1765426896259","2025-12-11T04:21:36.259Z","184.984102","3152.524375","false","1","4","1280","720","4441","0","174.090583","216.382833","31.398730999999998",
"1765426897259","2025-12-11T04:21:37.259Z","185.984046","3152.524375","false","1","4","1280","720","4465","0","174.799625","219.477333","33.49328699999998",
"1765426898259","2025-12-11T04:21:38.259Z","186.984417","3152.524375","false","1","4","1280","720","4489","0","174.799625","219.477333","32.49291599999998",
"1765426899258","2025-12-11T04:21:39.258Z","187.983131","3152.524375","false","1","4","1280","720","4513","0","174.799625","219.477333","31.494202",
"1765426900258","2025-12-11T04:21:40.258Z","188.983267","3152.524375","false","1","4","1280","720","4537","0","174.799625","221.721499","32.73823199999998",
"1765426901259","2025-12-11T04:21:41.259Z","189.98416","3152.524375","false","1","4","1280","720","4561","0","174.799625","221.721499","31.73733899999999",
"1765426902259","2025-12-11T04:21:42.259Z","190.984295","3152.524375","false","1","4","1280","720","4585","0","174.799625","224.853333","33.86903799999999",
"1765426903259","2025-12-11T04:21:43.259Z","191.984283","3152.524375","false","1","4","1280","720","4609","0","174.799625","224.853333","32.86904999999999",
"1765426904259","2025-12-11T04:21:44.259Z","192.984281","3152.524375","false","1","4","1280","720","4632","0","174.799625","224.853333","31.869051999999982",
"1765426905259","2025-12-11T04:21:45.259Z","193.984036","3152.524375","false","1","4","1280","720","4656","0","183.474958","224.853333","30.86929699999999",
"1765426906259","2025-12-11T04:21:46.259Z","194.984066","3152.524375","false","1","4","1280","720","4680","0","183.474958","229.930666","34.94659999999999",
"1765426907259","2025-12-11T04:21:47.259Z","195.984044","3152.524375","false","1","4","1280","720","4704","0","183.474958","229.930666","33.94662199999999",
"1765426908259","2025-12-11T04:21:48.259Z","196.984168","3152.524375","false","1","4","1280","720","4728","0","183.474958","229.930666","32.94649799999999",
"1765426909259","2025-12-11T04:21:49.259Z","197.983895","3152.524375","false","1","4","1280","720","4752","0","183.474958","229.930666","31.946771000000012",
"1765426910259","2025-12-11T04:21:50.259Z","198.984287","3152.524375","false","1","4","1280","720","4776","0","183.474958","229.930666","30.946379000000007",
"1765426911259","2025-12-11T04:21:51.259Z","199.983817","3152.524375","false","1","4","1280","720","4800","0","183.474958","232.523958","32.540141000000006",
"1765426912259","2025-12-11T04:21:52.259Z","200.984121","3152.524375","false","1","4","1280","720","4824","0","183.474958","232.523958","31.539837000000006",
"1765426913259","2025-12-11T04:21:53.259Z","201.984083","3152.524375","false","1","4","1280","720","4848","0","183.474958","235.178666","33.194582999999994",
"1765426914259","2025-12-11T04:21:54.259Z","202.984509","3152.524375","false","1","4","1280","720","4872","0","184.809625","235.178666","32.19415699999999",
"1765426915259","2025-12-11T04:21:55.259Z","203.984088","3152.524375","false","1","4","1280","720","4896","0","193.484958","235.178666","31.19457799999998",
"1765426916259","2025-12-11T04:21:56.259Z","204.983989","3152.524375","false","1","4","1280","720","4920","0","193.484958","237.528958","32.54496899999998",
"1765426917259","2025-12-11T04:21:57.259Z","205.984138","3152.524375","false","1","4","1280","720","4944","0","193.484958","237.528958","31.544819999999987",
"1765426918259","2025-12-11T04:21:58.259Z","206.984129","3152.524375","false","1","4","1280","720","4968","0","193.484958","240.981333","33.99720400000001",
"1765426919259","2025-12-11T04:21:59.259Z","207.983777","3152.524375","false","1","4","1280","720","4992","0","193.484958","240.981333","32.997556",
"1765426920259","2025-12-11T04:22:00.259Z","208.984115","3152.524375","false","1","4","1280","720","5016","0","193.484958","240.981333","31.997218000000004",
"1765426921259","2025-12-11T04:22:01.259Z","209.984032","3152.524375","false","1","4","1280","720","5040","0","193.484958","240.981333","30.997300999999993",
"1765426922259","2025-12-11T04:22:02.259Z","210.984335","3152.524375","false","1","4","1280","720","5064","0","193.484958","242.784208","31.79987300000002",
"1765426923259","2025-12-11T04:22:03.259Z","211.98381","3152.524375","false","1","4","1280","720","5088","0","193.484958","242.784208","30.800398",
"1765426924259","2025-12-11T04:22:04.259Z","212.984081","3152.524375","false","1","4","1280","720","5112","0","193.484958","246.357333","33.37325200000001",
"1765426925259","2025-12-11T04:22:05.259Z","213.984531","3152.524375","false","1","4","1280","720","5136","0","193.484958","246.357333","32.37280200000001",
"1765426926259","2025-12-11T04:22:06.259Z","214.983868","3152.524375","false","1","4","1280","720","5160","0","203.786916","246.357333","31.37346500000001",
"1765426927259","2025-12-11T04:22:07.259Z","215.984051","3152.524375","false","1","4","1280","720","5184","0","203.786916","247.872624","31.888573000000008",
"1765426928259","2025-12-11T04:22:08.259Z","216.984364","3152.524375","false","1","4","1280","720","5208","0","206.039166","247.872624","30.888260000000002",
"1765426929259","2025-12-11T04:22:09.259Z","217.984003","3152.524375","false","1","4","1280","720","5232","0","206.039166","249.707791","31.723787999999985",
"1765426930259","2025-12-11T04:22:10.259Z","218.98404","3152.524375","false","1","4","1280","720","5256","0","206.039166","249.707791","30.723750999999993",
"1765426931259","2025-12-11T04:22:11.259Z","219.984181","3152.524375","false","1","4","1280","720","5280","0","208.750208","251.605333","31.621151999999995",
"1765426932259","2025-12-11T04:22:12.259Z","220.983956","3152.524375","false","1","4","1280","720","5304","0","208.750208","253.044458","32.060501999999985",
"1765426933259","2025-12-11T04:22:13.259Z","221.984347","3152.524375","false","1","4","1280","720","5328","0","208.750208","253.044458","31.060110999999978",
"1765426934259","2025-12-11T04:22:14.259Z","222.98391","3152.524375","false","1","4","1280","720","5352","0","208.750208","255.786666","32.80275599999999",
"1765426935259","2025-12-11T04:22:15.259Z","223.984634","3152.524375","false","1","4","1280","720","5376","0","208.750208","255.786666","31.802031999999997",
"1765426936260","2025-12-11T04:22:16.260Z","224.984793","3152.524375","false","1","4","1280","720","5400","0","213.838625","257.799208","32.814415000000025",
"1765426937259","2025-12-11T04:22:17.259Z","225.984666","3152.524375","false","1","4","1280","720","5423","0","213.838625","257.799208","31.814542000000017",
"1765426938259","2025-12-11T04:22:18.259Z","226.983959","3152.524375","false","1","4","1280","720","5447","0","213.838625","257.799208","30.815249000000023",
"1765426939259","2025-12-11T04:22:19.259Z","227.984096","3152.524375","false","1","4","1280","720","5471","0","213.838625","260.565333","32.581237000000016",
"1765426940260","2025-12-11T04:22:20.260Z","228.985063","3152.524375","false","1","4","1280","720","5495","0","213.838625","260.565333","31.580270000000013",
"1765426941259","2025-12-11T04:22:21.259Z","229.984586","3152.524375","false","1","4","1280","720","5519","0","219.510958","264.263999","34.279413000000005",
"1765426942260","2025-12-11T04:22:22.260Z","230.984752","3152.524375","false","1","4","1280","720","5543","0","219.510958","264.263999","33.279247000000026",
"1765426943258","2025-12-11T04:22:23.258Z","231.983534","3152.524375","false","1","4","1280","720","5567","0","219.510958","264.263999","32.28046500000002",
"1765426944258","2025-12-11T04:22:24.258Z","232.983564","3152.524375","false","1","4","1280","720","5591","0","221.7215","264.263999","31.28043500000001",
"1765426945259","2025-12-11T04:22:25.259Z","233.983981","3152.524375","false","1","4","1280","720","5615","0","221.7215","266.495999","32.51201799999998",
"1765426946259","2025-12-11T04:22:26.259Z","234.983937","3152.524375","false","1","4","1280","720","5639","0","221.7215","266.495999","31.512061999999986",
"1765426947259","2025-12-11T04:22:27.259Z","235.984584","3152.524375","false","1","4","1280","720","5663","0","224.891333","268.726791","32.74220699999998",
"1765426948259","2025-12-11T04:22:28.259Z","236.984101","3152.524375","false","1","4","1280","720","5687","0","224.891333","268.726791","31.742689999999982",
"1765426949259","2025-12-11T04:22:29.259Z","237.984424","3152.524375","false","1","4","1280","720","5711","0","224.891333","271.103999","33.119575",
"1765426950259","2025-12-11T04:22:30.259Z","238.984124","3152.524375","false","1","4","1280","720","5735","0","224.891333","271.103999","32.11987499999998",
"1765426951259","2025-12-11T04:22:31.259Z","239.984137","3152.524375","false","1","4","1280","720","5759","0","224.891333","271.103999","31.119861999999983",
"1765426952259","2025-12-11T04:22:32.259Z","240.984273","3152.524375","false","1","4","1280","720","5783","0","224.891333","276.778666","35.794392999999985",
"1765426953259","2025-12-11T04:22:33.259Z","241.984222","3152.524375","false","1","4","1280","720","5807","0","229.938041","276.778666","34.794444",
"1765426954259","2025-12-11T04:22:34.259Z","242.984159","3152.524375","false","1","4","1280","720","5831","0","232.523958","276.778666","33.79450699999998",
"1765426955259","2025-12-11T04:22:35.259Z","243.984155","3152.524375","false","1","4","1280","720","5855","0","232.523958","276.778666","32.794511",
"1765426956259","2025-12-11T04:22:36.259Z","244.98401","3152.524375","false","1","4","1280","720","5879","0","232.523958","276.778666","31.794655999999975",
"1765426957259","2025-12-11T04:22:37.259Z","245.984589","3152.524375","false","1","4","1280","720","5903","0","232.523958","276.778666","30.794076999999987",
"1765426958260","2025-12-11T04:22:38.260Z","246.984936","3152.524375","false","1","4","1280","720","5927","0","235.193291","284.287999","37.30306300000001",
"1765426959259","2025-12-11T04:22:39.259Z","247.984343","3152.524375","false","1","4","1280","720","5951","0","235.193291","284.287999","36.30365600000002",
"1765426960259","2025-12-11T04:22:40.259Z","248.984709","3152.524375","false","1","4","1280","720","5975","0","237.528958","284.287999","35.303290000000004",
"1765426961260","2025-12-11T04:22:41.260Z","249.985042","3152.524375","false","1","4","1280","720","5999","0","237.528958","284.287999","34.30295700000002",
"1765426962260","2025-12-11T04:22:42.260Z","250.984933","3152.524375","false","1","4","1280","720","6023","0","237.528958","284.287999","33.303066",
"1765426963259","2025-12-11T04:22:43.259Z","251.984395","3152.524375","false","1","4","1280","720","6047","0","240.99075","284.287999","32.30360400000001",
"1765426964259","2025-12-11T04:22:44.259Z","252.984748","3152.524375","false","1","4","1280","720","6071","0","240.99075","284.287999","31.303251000000017",
"1765426965260","2025-12-11T04:22:45.260Z","253.985255","3152.524375","false","1","4","1280","720","6094","0","242.784208","291.754666","37.76941099999999",
"1765426966259","2025-12-11T04:22:46.259Z","254.984487","3152.524375","false","1","4","1280","720","6118","0","242.784208","291.754666","36.770178999999985",
"1765426967258","2025-12-11T04:22:47.258Z","255.983702","3152.524375","false","1","4","1280","720","6142","0","242.784208","291.754666","35.77096399999999",
"1765426968259","2025-12-11T04:22:48.259Z","256.98398","3152.524375","false","1","4","1280","720","6166","0","242.784208","291.754666","34.77068600000001",
"1765426969260","2025-12-11T04:22:49.260Z","257.984976","3152.524375","false","1","4","1280","720","6190","0","246.371125","291.754666","33.76968999999997",
"1765426970260","2025-12-11T04:22:50.260Z","258.985031","3152.524375","false","1","4","1280","720","6214","0","246.371125","291.754666","32.769634999999994",
"1765426971259","2025-12-11T04:22:51.259Z","259.984395","3152.524375","false","1","4","1280","720","6238","0","246.371125","291.754666","31.77027099999998",
"1765426972259","2025-12-11T04:22:52.259Z","260.984264","3152.524375","false","1","4","1280","720","6262","0","249.707791","291.791499","30.80723499999999",
"1765426973260","2025-12-11T04:22:53.260Z","261.984932","3152.524375","false","1","4","1280","720","6286","0","249.707791","299.434666","37.44973399999998",
"1765426974259","2025-12-11T04:22:54.259Z","262.98485","3152.524375","false","1","4","1280","720","6310","0","249.707791","299.434666","36.449816",
"1765426975259","2025-12-11T04:22:55.259Z","263.984679","3152.524375","false","1","4","1280","720","6334","0","249.707791","299.434666","35.449986999999965",
"1765426976259","2025-12-11T04:22:56.259Z","264.984645","3152.524375","false","1","4","1280","720","6358","0","253.044458","299.434666","34.45002099999999",
"1765426977260","2025-12-11T04:22:57.260Z","265.985199","3152.524375","false","1","4","1280","720","6382","0","253.044458","299.434666","33.44946699999997",
"1765426978260","2025-12-11T04:22:58.260Z","266.984921","3152.524375","false","1","4","1280","720","6406","0","255.797208","299.434666","32.44974500000001",
"1765426979259","2025-12-11T04:22:59.259Z","267.98489","3152.524375","false","1","4","1280","720","6430","0","255.797208","299.434666","31.449775999999986",
"1765426980260","2025-12-11T04:23:00.260Z","268.985107","3152.524375","false","1","4","1280","720","6454","0","257.799208","309.333333","40.348225999999954",
"1765426981260","2025-12-11T04:23:01.260Z","269.985442","3152.524375","false","1","4","1280","720","6478","0","257.799208","309.333333","39.347891000000004",
"1765426982259","2025-12-11T04:23:02.259Z","270.984843","3152.524375","false","1","4","1280","720","6502","0","257.799208","309.333333","38.34848999999997",
"1765426983260","2025-12-11T04:23:03.260Z","271.985347","3152.524375","false","1","4","1280","720","6526","0","260.593666","309.333333","37.34798599999999",
"1765426984259","2025-12-11T04:23:04.259Z","272.984918","3152.524375","false","1","4","1280","720","6550","0","260.593666","309.333333","36.34841499999999",
"1765426985258","2025-12-11T04:23:05.258Z","273.983857","3152.524375","false","1","4","1280","720","6574","0","260.593666","309.333333","35.34947599999998",
"1765426986260","2025-12-11T04:23:06.260Z","274.985406","3152.524375","false","1","4","1280","720","6598","0","260.593666","309.333333","34.34792699999997",
"1765426987259","2025-12-11T04:23:07.259Z","275.984917","3152.524375","false","1","4","1280","720","6622","0","260.593666","309.333333","33.348415999999986",
"1765426988260","2025-12-11T04:23:08.260Z","276.985439","3152.524375","false","1","4","1280","720","6646","0","266.51625","309.333333","32.347894",
"1765426989260","2025-12-11T04:23:09.260Z","277.985064","3152.524375","false","1","4","1280","720","6670","0","266.51625","309.333333","31.34826899999996",
"1765426990259","2025-12-11T04:23:10.259Z","278.984666","3152.524375","false","1","4","1280","720","6694","0","266.51625","312.520541","33.535874999999976",
"1765426991259","2025-12-11T04:23:11.259Z","279.984327","3152.524375","false","1","4","1280","720","6718","0","266.51625","312.520541","32.53621399999997",
"1765426992259","2025-12-11T04:23:12.259Z","280.984157","3152.524375","false","1","4","1280","720","6742","0","266.51625","312.520541","31.536383999999998",
"1765426993259","2025-12-11T04:23:13.259Z","281.984471","3152.524375","false","1","4","1280","720","6766","0","266.51625","312.520541","30.536069999999995",
"1765426994260","2025-12-11T04:23:14.260Z","282.985297","3152.524375","false","1","4","1280","720","6790","0","266.51625","314.026666","31.041368999999975",
"1765426995260","2025-12-11T04:23:15.260Z","283.985577","3152.524375","false","1","4","1280","720","6813","0","266.51625","315.857208","31.871631000000036",
"1765426996259","2025-12-11T04:23:16.259Z","284.984676","3152.524375","false","1","4","1280","720","6837","0","271.145875","315.857208","30.872532000000035",
"1765426997259","2025-12-11T04:23:17.259Z","285.984907","3152.524375","false","1","4","1280","720","6861","0","271.145875","317.734083","31.749175999999977",
"1765426998260","2025-12-11T04:23:18.260Z","286.985248","3152.524375","false","1","4","1280","720","6885","0","271.145875","317.734083","30.748834999999985",
"1765426999260","2025-12-11T04:23:19.260Z","287.985195","3152.524375","false","1","4","1280","720","6909","0","271.145875","320.938666","32.953471000000036",
"1765427000259","2025-12-11T04:23:20.259Z","288.985087","3152.524375","false","1","4","1280","720","6933","0","271.145875","320.938666","31.95357899999999",
"1765427001259","2025-12-11T04:23:21.259Z","289.98419","3152.524375","false","1","4","1280","720","6957","0","271.145875","320.938666","30.954476",
"1765427002260","2025-12-11T04:23:22.260Z","290.985122","3152.524375","false","1","4","1280","720","6981","0","271.145875","324.198874","33.213752",
"1765427003260","2025-12-11T04:23:23.260Z","291.98514","3152.524375","false","1","4","1280","720","7005","0","276.818208","324.198874","32.21373399999999",
"1765427004259","2025-12-11T04:23:24.259Z","292.984561","3152.524375","false","1","4","1280","720","7029","0","276.818208","324.198874","31.214313000000004",
"1765427005259","2025-12-11T04:23:25.259Z","293.985031","3152.524375","false","1","4","1280","720","7053","0","276.818208","331.221333","37.23630200000002",
"1765427006259","2025-12-11T04:23:26.259Z","294.984475","3152.524375","false","1","4","1280","720","7077","0","276.818208","331.221333","36.23685800000004",
"1765427007259","2025-12-11T04:23:27.259Z","295.984669","3152.524375","false","1","4","1280","720","7101","0","276.818208","331.221333","35.23666400000002",
"1765427008260","2025-12-11T04:23:28.260Z","296.985356","3152.524375","false","1","4","1280","720","7125","0","276.818208","331.221333","34.23597699999999",
"1765427009260","2025-12-11T04:23:29.260Z","297.985197","3152.524375","false","1","4","1280","720","7149","0","276.818208","331.221333","33.23613599999999",
"1765427010259","2025-12-11T04:23:30.259Z","298.984381","3152.524375","false","1","4","1280","720","7173","0","276.818208","331.221333","32.23695200000003",
"1765427011259","2025-12-11T04:23:31.259Z","299.984293","3152.524375","false","1","4","1280","720","7197","0","284.325708","331.221333","31.237040000000036",
"1765427012260","2025-12-11T04:23:32.260Z","300.985226","3152.524375","false","1","4","1280","720","7221","0","284.325708","338.218666","37.23343999999997",
"1765427013259","2025-12-11T04:23:33.259Z","301.984882","3152.524375","false","1","4","1280","720","7245","0","284.325708","338.218666","36.23378399999996",
"1765427014259","2025-12-11T04:23:34.259Z","302.984569","3152.524375","false","1","4","1280","720","7269","0","284.325708","338.218666","35.23409699999996",
"1765427015259","2025-12-11T04:23:35.259Z","303.984609","3152.524375","false","1","4","1280","720","7293","0","284.325708","338.218666","34.23405700000001",
"1765427016259","2025-12-11T04:23:36.259Z","304.984836","3152.524375","false","1","4","1280","720","7317","0","284.325708","338.218666","33.23383000000001",
"1765427017259","2025-12-11T04:23:37.259Z","305.984359","3152.524375","false","1","4","1280","720","7341","0","284.325708","338.218666","32.234307",
"1765427018259","2025-12-11T04:23:38.259Z","306.984556","3152.524375","false","1","4","1280","720","7365","0","284.325708","338.218666","31.234109999999987",
"1765427019259","2025-12-11T04:23:39.259Z","307.984675","3152.524375","false","1","4","1280","720","7389","0","284.325708","343.893333","35.908658",
"1765427020260","2025-12-11T04:23:40.260Z","308.985436","3152.524375","false","1","4","1280","720","7413","0","284.325708","343.893333","34.90789699999999",
"1765427021259","2025-12-11T04:23:41.259Z","309.984519","3152.524375","false","1","4","1920","1080","7437","0","291.7915","343.893333","33.90881400000001",
"1765427022259","2025-12-11T04:23:42.259Z","310.9846","3152.524375","false","1","4","1920","1080","7461","0","291.7915","343.893333","32.908732999999984",
"1765427023259","2025-12-11T04:23:43.259Z","311.984874","3152.524375","false","1","4","1920","1080","7485","0","291.7915","343.893333","31.908458999999993",
"1765427024259","2025-12-11T04:23:44.259Z","312.985071","3152.524375","false","1","4","1920","1080","7509","0","299.465833","343.893333","30.90826199999998",
"1765427025259","2025-12-11T04:23:45.259Z","313.984484","3152.524375","false","1","4","1920","1080","7533","0","299.465833","349.567999","35.58351499999998",
"1765427026259","2025-12-11T04:23:46.259Z","314.985019","3152.524375","false","1","4","1920","1080","7557","0","299.465833","349.567999","34.582979999999964",
"1765427027259","2025-12-11T04:23:47.259Z","315.984724","3152.524375","false","1","4","1920","1080","7581","0","299.465833","349.567999","33.58327499999996",
"1765427028260","2025-12-11T04:23:48.260Z","316.985294","3152.524375","false","1","4","1920","1080","7605","0","299.465833","349.567999","32.582704999999976",
"1765427029259","2025-12-11T04:23:49.259Z","317.984247","3152.524375","false","1","4","1920","1080","7629","0","299.465833","349.567999","31.583752000000004",
"1765427030259","2025-12-11T04:23:50.259Z","318.984992","3152.524375","false","1","4","1920","1080","7653","0","299.465833","355.199999","36.215007000000014",
"1765427031259","2025-12-11T04:23:51.259Z","319.984694","3152.524375","false","1","4","1920","1080","7677","0","299.465833","355.199999","35.215305",
"1765427032260","2025-12-11T04:23:52.260Z","320.985762","3152.524375","false","1","4","1920","1080","7701","0","299.465833","355.199999","34.21423699999997",
"1765427033260","2025-12-11T04:23:53.260Z","321.985402","3152.524375","false","1","4","1920","1080","7725","0","309.350708","355.199999","33.21459699999997",
"1765427034260","2025-12-11T04:23:54.260Z","322.985453","3152.524375","false","1","4","1920","1080","7749","0","309.350708","355.199999","32.214545999999984",
"1765427035259","2025-12-11T04:23:55.259Z","323.984772","3152.524375","false","1","4","1920","1080","7773","0","309.350708","355.199999","31.21522699999997",
"1765427036260","2025-12-11T04:23:56.260Z","324.985758","3152.524375","false","1","4","1920","1080","7797","0","314.06375","360.831999","35.84624100000002",
"1765427037260","2025-12-11T04:23:57.260Z","325.985432","3152.524375","false","1","4","1920","1080","7821","0","314.06375","360.831999","34.84656699999999",
"1765427038259","2025-12-11T04:23:58.259Z","326.984641","3152.524375","false","1","4","1920","1080","7844","0","314.06375","360.831999","33.847357999999986",
"1765427039259","2025-12-11T04:23:59.259Z","327.98432","3152.524375","false","1","4","1920","1080","7868","0","314.06375","360.831999","32.84767899999997",
"1765427040259","2025-12-11T04:24:00.259Z","328.984304","3152.524375","false","1","4","1920","1080","7892","0","314.06375","360.831999","31.847694999999987",
"1765427041259","2025-12-11T04:24:01.259Z","329.9847","3152.524375","false","1","4","1920","1080","7916","0","314.06375","360.831999","30.84729900000002",
"1765427042259","2025-12-11T04:24:02.259Z","330.984697","3152.524375","false","1","4","1920","1080","7940","0","314.06375","369.023999","38.03930200000002",
"1765427043260","2025-12-11T04:24:03.260Z","331.98542","3152.524375","false","1","4","1920","1080","7964","0","320.945625","369.023999","37.03857900000003",
"1765427044260","2025-12-11T04:24:04.260Z","332.985771","3152.524375","false","1","4","1920","1080","7988","0","320.945625","369.023999","36.038228000000004",
"1765427045259","2025-12-11T04:24:05.259Z","333.984556","3152.524375","false","1","4","1920","1080","8012","0","320.945625","369.023999","35.039443000000006",
"1765427046259","2025-12-11T04:24:06.259Z","334.984703","3152.524375","false","1","4","1920","1080","8036","0","320.945625","369.023999","34.03929599999998",
"1765427047259","2025-12-11T04:24:07.259Z","335.984846","3152.524375","false","1","4","1920","1080","8060","0","320.945625","369.023999","33.039153",
"1765427048260","2025-12-11T04:24:08.260Z","336.985671","3152.524375","false","1","4","1920","1080","8084","0","320.945625","369.023999","32.03832799999998",
"1765427049260","2025-12-11T04:24:09.260Z","337.98565","3152.524375","false","1","4","1920","1080","8108","0","320.945625","369.023999","31.038348999999982",
"1765427050259","2025-12-11T04:24:10.259Z","338.984416","3152.524375","false","1","4","1920","1080","8132","0","324.198875","373.461333","34.476917000000014",
"1765427051259","2025-12-11T04:24:11.259Z","339.984541","3152.524375","false","1","4","1920","1080","8156","0","324.198875","373.461333","33.476792000000046",
"1765427052259","2025-12-11T04:24:12.259Z","340.985154","3152.524375","false","1","4","1920","1080","8180","0","324.198875","373.461333","32.476179",
"1765427053259","2025-12-11T04:24:13.259Z","341.984703","3152.524375","false","1","4","1920","1080","8204","0","324.198875","373.461333","31.47663",
"1765427054260","2025-12-11T04:24:14.260Z","342.985852","3152.524375","false","1","4","1920","1080","8228","0","324.198875","381.183999","38.19814699999995",
"1765427055260","2025-12-11T04:24:15.260Z","343.985753","3152.524375","false","1","4","1920","1080","8252","0","331.221333","381.183999","37.19824599999998",
"1765427056260","2025-12-11T04:24:16.260Z","344.985654","3152.524375","false","1","4","1920","1080","8276","0","331.247583","381.183999","36.19834499999996",
"1765427057260","2025-12-11T04:24:17.260Z","345.98552","3152.524375","false","1","4","1920","1080","8300","0","331.247583","381.183999","35.19847899999996",
"1765427058260","2025-12-11T04:24:18.260Z","346.98564","3152.524375","false","1","4","1920","1080","8324","0","331.247583","381.183999","34.19835899999998",
"1765427059259","2025-12-11T04:24:19.259Z","347.984833","3152.524375","false","1","4","1920","1080","8348","0","331.247583","381.183999","33.19916599999999",
"1765427060260","2025-12-11T04:24:20.260Z","348.985899","3152.524375","false","1","4","1920","1080","8372","0","331.247583","381.183999","32.198099999999954",
"1765427061259","2025-12-11T04:24:21.259Z","349.984572","3152.524375","false","1","4","1920","1080","8396","0","338.254583","381.183999","31.199426999999957",
"1765427062259","2025-12-11T04:24:22.259Z","350.985303","3152.524375","false","1","4","1920","1080","8420","0","338.254583","383.883499","32.898195999999984",
"1765427063259","2025-12-11T04:24:23.259Z","351.98497","3152.524375","false","1","4","1920","1080","8444","0","338.254583","383.883499","31.898528999999996",
"1765427064259","2025-12-11T04:24:24.259Z","352.984861","3152.524375","false","1","4","1920","1080","8468","0","338.254583","383.883499","30.89863799999995",
"1765427065260","2025-12-11T04:24:25.260Z","353.985958","3152.524375","false","1","4","1920","1080","8492","0","338.254583","389.461333","35.47537500000004",
"1765427066260","2025-12-11T04:24:26.260Z","354.985572","3152.524375","false","1","4","1920","1080","8516","0","338.254583","389.461333","34.475761000000034",
"1765427067260","2025-12-11T04:24:27.260Z","355.985952","3152.524375","false","1","4","1920","1080","8540","0","343.926916","389.461333","33.47538100000003",
"1765427068260","2025-12-11T04:24:28.260Z","356.985781","3152.524375","false","1","4","1920","1080","8564","0","343.926916","389.461333","32.47555200000005",
"1765427069259","2025-12-11T04:24:29.259Z","357.985137","3152.524375","false","1","4","1920","1080","8588","0","343.926916","389.461333","31.476196000000016",
"1765427070259","2025-12-11T04:24:30.259Z","358.985213","3152.524375","false","1","4","1920","1080","8612","0","343.926916","392.934208","33.948995000000025",
"1765427071259","2025-12-11T04:24:31.259Z","359.985308","3152.524375","false","1","4","1920","1080","8636","0","343.926916","392.934208","32.94890000000004",
"1765427072259","2025-12-11T04:24:32.259Z","360.984753","3152.524375","false","1","4","1920","1080","8660","0","349.59925","392.934208","31.949455",
"1765427073259","2025-12-11T04:24:33.259Z","361.985177","3152.524375","false","1","4","1920","1080","8684","0","349.59925","392.934208","30.94903099999999",
"1765427074259","2025-12-11T04:24:34.259Z","362.985092","3152.524375","false","1","4","1920","1080","8708","0","349.59925","397.098666","34.11357399999997",
"1765427075259","2025-12-11T04:24:35.259Z","363.985064","3152.524375","false","1","4","1920","1080","8732","0","349.59925","397.098666","33.11360199999996",
"1765427076260","2025-12-11T04:24:36.260Z","364.985776","3152.524375","false","1","4","1920","1080","8756","0","349.59925","397.098666","32.11288999999999",
"1765427077259","2025-12-11T04:24:37.259Z","365.985285","3152.524375","false","1","4","1920","1080","8780","0","349.59925","397.098666","31.113381000000004",
"1765427078259","2025-12-11T04:24:38.259Z","366.985402","3152.524375","false","1","4","1920","1080","8804","0","349.59925","400.274874","33.28947199999999",
"1765427079260","2025-12-11T04:24:39.260Z","367.985996","3152.524375","false","1","4","1920","1080","8828","0","349.59925","400.274874","32.28887800000001",
"1765427080260","2025-12-11T04:24:40.260Z","368.986122","3152.524375","false","1","4","1920","1080","8852","0","349.59925","400.274874","31.288751999999988",
"1765427081259","2025-12-11T04:24:41.259Z","369.984929","3152.524375","false","1","4","1920","1080","8876","0","355.229875","405.930666","35.94573699999995",
"1765427082259","2025-12-11T04:24:42.259Z","370.984808","3152.524375","false","1","4","1920","1080","8900","0","355.229875","405.930666","34.94585799999999",
"1765427083259","2025-12-11T04:24:43.259Z","371.985125","3152.524375","false","1","4","1920","1080","8924","0","355.229875","405.930666","33.94554099999999",
"1765427084259","2025-12-11T04:24:44.259Z","372.985524","3152.524375","false","1","4","1920","1080","8948","0","355.229875","405.930666","32.945141999999976",
"1765427085260","2025-12-11T04:24:45.260Z","373.985599","3152.524375","false","1","4","1920","1080","8972","0","360.8605","405.930666","31.945066999999995",
"1765427086259","2025-12-11T04:24:46.259Z","374.985446","3152.524375","false","1","4","1920","1080","8996","0","360.8605","405.930666","30.94521999999995",
"1765427087259","2025-12-11T04:24:47.259Z","375.985145","3152.524375","false","1","4","1920","1080","9019","0","360.8605","414.421333","38.436188000000016",
"1765427088259","2025-12-11T04:24:48.259Z","376.985001","3152.524375","false","1","4","1920","1080","9043","0","360.8605","414.421333","37.43633199999999",
"1765427089260","2025-12-11T04:24:49.260Z","377.985727","3152.524375","false","1","4","1920","1080","9067","0","360.8605","414.421333","36.43560600000001",
"1765427090259","2025-12-11T04:24:50.259Z","378.985332","3152.524375","false","1","4","1920","1080","9091","0","360.8605","414.421333","35.436000999999976",
"1765427091260","2025-12-11T04:24:51.260Z","379.985918","3152.524375","false","1","4","1920","1080","9115","0","360.8605","414.421333","34.43541499999998",
"1765427092259","2025-12-11T04:24:52.259Z","380.985439","3152.524375","false","1","4","1920","1080","9139","0","360.8605","414.421333","33.43589400000002",
"1765427093260","2025-12-11T04:24:53.260Z","381.985635","3152.524375","false","1","4","1920","1080","9163","0","369.035333","414.421333","32.435698",
"1765427094260","2025-12-11T04:24:54.260Z","382.986169","3152.524375","false","1","4","1920","1080","9187","0","369.035333","414.421333","31.435163999999986",
"1765427095259","2025-12-11T04:24:55.259Z","383.985574","3152.524375","false","1","4","1920","1080","9211","0","369.035333","418.000916","34.01534200000003",
"1765427096260","2025-12-11T04:24:56.260Z","384.986091","3152.524375","false","1","4","1920","1080","9235","0","373.498125","418.000916","33.01482500000003",
"1765427097260","2025-12-11T04:24:57.260Z","385.986394","3152.524375","false","1","4","1920","1080","9259","0","373.498125","418.000916","32.014522",
"1765427098260","2025-12-11T04:24:58.260Z","386.985786","3152.524375","false","1","4","1920","1080","9283","0","373.498125","418.000916","31.01513",
"1765427099259","2025-12-11T04:24:59.259Z","387.985329","3152.524375","false","1","4","1920","1080","9307","0","373.498125","426.709333","38.724004000000036",
"1765427100261","2025-12-11T04:25:00.261Z","388.986709","3152.524375","false","1","4","1920","1080","9331","0","373.498125","426.709333","37.722623999999996",
"1765427101260","2025-12-11T04:25:01.260Z","389.985887","3152.524375","false","1","4","1920","1080","9355","0","373.498125","426.709333","36.723446000000024",
"1765427102259","2025-12-11T04:25:02.259Z","390.98542","3152.524375","false","1","4","1920","1080","9379","0","373.498125","426.709333","35.72391300000004",
"1765427103260","2025-12-11T04:25:03.260Z","391.985846","3152.524375","false","1","4","1920","1080","9403","0","373.498125","426.709333","34.723487000000034",
"1765427104259","2025-12-11T04:25:04.259Z","392.985494","3152.524375","false","1","4","1920","1080","9427","0","373.498125","426.709333","33.723839",
"1765427105260","2025-12-11T04:25:05.260Z","393.986038","3152.524375","false","1","4","1920","1080","9451","0","381.214166","426.709333","32.72329500000001",
"1765427106260","2025-12-11T04:25:06.260Z","394.986182","3152.524375","false","1","4","1920","1080","9475","0","381.214166","426.709333","31.72315100000003",
"1765427107260","2025-12-11T04:25:07.260Z","395.986416","3152.524375","false","1","4","1920","1080","9499","0","381.214166","426.709333","30.722916999999995",
"1765427108260","2025-12-11T04:25:08.260Z","396.985849","3152.524375","false","1","4","1920","1080","9523","0","381.214166","433.023999","36.03815000000003",
"1765427109260","2025-12-11T04:25:09.260Z","397.986072","3152.524375","false","1","4","1920","1080","9547","0","383.8835","433.023999","35.037927000000025",
"1765427110260","2025-12-11T04:25:10.260Z","398.986273","3152.524375","false","1","4","1920","1080","9571","0","383.8835","433.023999","34.03772600000002",
"1765427111260","2025-12-11T04:25:11.260Z","399.986653","3152.524375","false","1","4","1920","1080","9595","0","383.8835","433.023999","33.037346000000014",
"1765427112261","2025-12-11T04:25:12.261Z","400.987413","3152.524375","false","1","4","1920","1080","9619","0","389.472416","433.023999","32.036586",
"1765427113259","2025-12-11T04:25:13.259Z","401.985154","3152.524375","false","1","4","1920","1080","9643","0","389.472416","433.023999","31.03884499999998",
"1765427114260","2025-12-11T04:25:14.260Z","402.985869","3152.524375","false","1","4","1920","1080","9667","0","389.472416","435.726958","32.741089000000045",
"1765427115260","2025-12-11T04:25:15.260Z","403.986622","3152.524375","false","1","4","1920","1080","9691","0","389.472416","435.726958","31.740336000000013",
"1765427116259","2025-12-11T04:25:16.259Z","404.984957","3152.524375","false","1","4","1920","1080","9715","0","389.472416","441.770666","36.785709",
"1765427117260","2025-12-11T04:25:17.260Z","405.986635","3152.524375","false","1","4","1920","1080","9739","0","389.472416","441.770666","35.78403100000003",
"1765427118260","2025-12-11T04:25:18.260Z","406.986593","3152.524375","false","1","4","1920","1080","9763","0","392.934208","441.770666","34.78407299999998",
"1765427119260","2025-12-11T04:25:19.260Z","407.986629","3152.524375","false","1","4","1920","1080","9787","0","392.934208","441.770666","33.78403700000001",
"1765427120259","2025-12-11T04:25:20.259Z","408.98534","3152.524375","false","1","4","1920","1080","9811","0","392.934208","441.770666","32.785326",
"1765427121259","2025-12-11T04:25:21.259Z","409.985095","3152.524375","false","1","4","1920","1080","9834","0","392.934208","441.770666","31.785571000000004",
"1765427122260","2025-12-11T04:25:22.260Z","410.986553","3152.524375","false","1","4","1920","1080","9858","0","392.934208","441.770666","30.78411299999999",
"1765427123261","2025-12-11T04:25:23.261Z","411.987475","3152.524375","false","1","4","1920","1080","9882","0","392.934208","447.786666","35.79919100000001",
"1765427124260","2025-12-11T04:25:24.260Z","412.98667","3152.524375","false","1","4","1920","1080","9906","0","392.934208","447.786666","34.79999600000002",
"1765427125259","2025-12-11T04:25:25.259Z","413.985414","3152.524375","false","1","4","1920","1080","9930","0","392.934208","447.786666","33.801252000000034",
"1765427126260","2025-12-11T04:25:26.260Z","414.986217","3152.524375","false","1","4","1920","1080","9954","0","400.274875","447.786666","32.800449000000015",
"1765427127260","2025-12-11T04:25:27.260Z","415.986306","3152.524375","false","1","4","1920","1080","9978","0","400.274875","447.786666","31.800360000000012",
"1765427128260","2025-12-11T04:25:28.260Z","416.985873","3152.524375","false","1","4","1920","1080","10002","0","400.274875","447.786666","30.800793",
"1765427129259","2025-12-11T04:25:29.259Z","417.985588","3152.524375","false","1","4","1920","1080","10026","0","400.274875","453.845333","35.859744999999975",
"1765427130260","2025-12-11T04:25:30.260Z","418.986105","3152.524375","false","1","4","1920","1080","10050","0","405.947208","453.845333","34.85922799999997",
"1765427131260","2025-12-11T04:25:31.260Z","419.986487","3152.524375","false","1","4","1920","1080","10074","0","405.947208","453.845333","33.85884599999997",
"1765427132260","2025-12-11T04:25:32.260Z","420.986756","3152.524375","false","1","4","1920","1080","10098","0","405.947208","453.845333","32.85857699999997",
"1765427133260","2025-12-11T04:25:33.260Z","421.986177","3152.524375","false","1","4","1920","1080","10122","0","405.947208","453.845333","31.859155999999984",
"1765427134260","2025-12-11T04:25:34.260Z","422.986289","3152.524375","false","1","4","1920","1080","10146","0","405.947208","453.845333","30.859043999999983",
"1765427135260","2025-12-11T04:25:35.260Z","423.986342","3152.524375","false","1","4","1920","1080","10170","0","405.947208","459.903999","35.91765700000002",
"1765427136259","2025-12-11T04:25:36.259Z","424.985266","3152.524375","false","1","4","1920","1080","10194","0","405.947208","459.903999","34.918732999999975",
"1765427137260","2025-12-11T04:25:37.260Z","425.98649","3152.524375","false","1","4","1920","1080","10218","0","405.947208","459.903999","33.917508999999995",
"1765427138260","2025-12-11T04:25:38.260Z","426.985978","3152.524375","false","1","4","1920","1080","10242","0","414.455708","459.903999","32.91802100000001",
"1765427139260","2025-12-11T04:25:39.260Z","427.986386","3152.524375","false","1","4","1920","1080","10266","0","414.455708","459.903999","31.917613000000017",
"1765427140259","2025-12-11T04:25:40.259Z","428.985474","3152.524375","false","1","4","1920","1080","10290","0","414.455708","459.903999","30.91852499999999",
"1765427141260","2025-12-11T04:25:41.260Z","429.985974","3152.524375","false","1","4","1920","1080","10314","0","414.455708","465.322666","35.33669200000003",
"1765427142260","2025-12-11T04:25:42.260Z","430.986828","3152.524375","false","1","4","1920","1080","10338","0","414.455708","465.322666","34.335838000000024",
"1765427143260","2025-12-11T04:25:43.260Z","431.986308","3152.524375","false","1","4","1920","1080","10362","0","414.455708","465.322666","33.33635800000002",
"1765427144259","2025-12-11T04:25:44.259Z","432.985616","3152.524375","false","1","4","1920","1080","10386","0","414.455708","465.322666","32.33705000000003",
"1765427145259","2025-12-11T04:25:45.259Z","433.985885","3152.524375","false","1","4","1920","1080","10410","0","418.000916","465.322666","31.33678100000003",
"1765427146259","2025-12-11T04:25:46.259Z","434.985529","3152.524375","false","1","4","1920","1080","10434","0","418.000916","470.698666","35.71313700000002",
"1765427147260","2025-12-11T04:25:47.260Z","435.986207","3152.524375","false","1","4","1920","1080","10458","0","418.000916","470.698666","34.712459000000024",
"1765427148259","2025-12-11T04:25:48.259Z","436.985604","3152.524375","false","1","4","1920","1080","10482","0","418.000916","470.698666","33.71306199999998",
"1765427149260","2025-12-11T04:25:49.260Z","437.986119","3152.524375","false","1","4","1920","1080","10506","0","418.000916","470.698666","32.71254700000003",
"1765427150260","2025-12-11T04:25:50.260Z","438.986262","3152.524375","false","1","4","1920","1080","10530","0","418.000916","470.698666","31.712403999999992",
"1765427151259","2025-12-11T04:25:51.259Z","439.98554","3152.524375","false","1","4","1920","1080","10554","0","418.000916","470.698666","30.71312599999999",
"1765427152259","2025-12-11T04:25:52.259Z","440.985836","3152.524375","false","1","4","1920","1080","10578","0","418.000916","473.055916","32.07008000000002",
"1765427153260","2025-12-11T04:25:53.260Z","441.986175","3152.524375","false","1","4","1920","1080","10602","0","426.717958","473.055916","31.069741000000022",
"1765427154259","2025-12-11T04:25:54.259Z","442.985881","3152.524375","false","1","4","1920","1080","10626","0","426.717958","475.647999","32.66211800000002",
"1765427155259","2025-12-11T04:25:55.259Z","443.985815","3152.524375","false","1","4","1920","1080","10649","0","426.717958","475.647999","31.662184000000025",
"1765427156261","2025-12-11T04:25:56.261Z","444.987791","3152.524375","false","1","4","1920","1080","10673","0","426.717958","475.647999","30.66020800000001",
"1765427157260","2025-12-11T04:25:57.260Z","445.986741","3152.524375","false","1","4","1920","1080","10697","0","426.717958","479.604124","33.61738300000002",
"1765427158260","2025-12-11T04:25:58.260Z","446.986923","3152.524375","false","1","4","1920","1080","10721","0","426.717958","479.604124","32.61720100000002",
"1765427159259","2025-12-11T04:25:59.259Z","447.985931","3152.524375","false","1","4","1920","1080","10745","0","426.717958","479.604124","31.61819300000002",
"1765427160260","2025-12-11T04:26:00.260Z","448.986793","3152.524375","false","1","4","1920","1080","10769","0","435.726958","479.604124","30.617331000000036",
"1765427161261","2025-12-11T04:26:01.261Z","449.987748","3152.524375","false","1","4","1920","1080","10793","0","435.726958","482.261333","32.27358499999997",
"1765427162261","2025-12-11T04:26:02.261Z","450.987755","3152.524375","false","1","4","1920","1080","10817","0","435.726958","482.261333","31.273577999999986",
"1765427163260","2025-12-11T04:26:03.260Z","451.986368","3152.524375","false","1","4","1920","1080","10841","0","435.726958","486.152333","34.16596499999997",
"1765427164261","2025-12-11T04:26:04.261Z","452.98786","3152.524375","false","1","4","1920","1080","10865","0","435.726958","486.152333","33.16447299999999",
"1765427165261","2025-12-11T04:26:05.261Z","453.987661","3152.524375","false","1","4","1920","1080","10889","0","441.774666","486.152333","32.164671999999996",
"1765427166261","2025-12-11T04:26:06.261Z","454.987648","3152.524375","false","1","4","1920","1080","10913","0","441.774666","486.152333","31.16468500000002",
"1765427167260","2025-12-11T04:26:07.260Z","455.986068","3152.524375","false","1","4","1920","1080","10937","0","441.774666","488.618666","32.63259800000003",
"1765427168261","2025-12-11T04:26:08.261Z","456.987279","3152.524375","false","1","4","1920","1080","10961","0","441.774666","488.618666","31.631387000000018",
"1765427169260","2025-12-11T04:26:09.260Z","457.987038","3152.524375","false","1","4","1920","1080","10982","0","441.774666","488.618666","30.631628000000035",
"1765427170261","2025-12-11T04:26:10.261Z","458.987298","3152.524375","false","1","4","1920","1080","11006","0","441.774666","491.657833","32.67053499999997",
"1765427171260","2025-12-11T04:26:11.260Z","459.986591","3152.524375","false","1","4","1920","1080","11030","0","447.822375","491.657833","31.671242000000007",
"1765427172261","2025-12-11T04:26:12.261Z","460.98721","3152.524375","false","1","4","1920","1080","11054","0","447.822375","491.657833","30.670622999999978",
"1765427173260","2025-12-11T04:26:13.260Z","461.9871","3152.524375","false","1","4","1920","1080","11081","0","447.822375","495.018666","33.031566",
"1765427174260","2025-12-11T04:26:14.260Z","462.986859","3152.524375","false","1","4","1920","1080","11105","0","447.822375","495.018666","32.031807000000015",
"1765427175261","2025-12-11T04:26:15.261Z","463.987265","3152.524375","false","1","4","1920","1080","11129","0","447.822375","495.018666","31.031401000000017",
"1765427176259","2025-12-11T04:26:16.259Z","464.985759","3152.524375","false","1","4","1920","1080","11153","0","447.822375","497.872374","32.886615000000006",
"1765427177260","2025-12-11T04:26:17.260Z","465.986151","3152.524375","false","1","4","1920","1080","11177","0","453.870083","497.872374","31.886222999999973",
"1765427178259","2025-12-11T04:26:18.259Z","466.985937","3152.524375","false","1","4","1920","1080","11201","0","453.870083","497.872374","30.886437",
"1765427179260","2025-12-11T04:26:19.260Z","467.987095","3152.524375","false","1","4","1920","1080","11225","0","453.870083","499.711999","31.72490399999998",